ID_Apto,Mes_1,Mes_2,Mes_3,Mes_4,Mes_5,Mes_6,Mes_7,Mes_8,Mes_9,Mes_10,Mes_11,Mes_12,Mes_13,Mes_14,Mes_15,Mes_16,Mes_17,Mes_18,Mes_19,Mes_20,Mes_21,Mes_22,Mes_23,Mes_24,Mes_25,Mes_26,Mes_27,Mes_28,Mes_29,Mes_30,Mes_31,Mes_32,Mes_33,Mes_34,Mes_35,Mes_36
Apto_001,243.73,235.44,368.77,107.32,25.51,0,0,0,26.66,94.25,417.7,251.24,239.56,445.41,173.46,93.99,25.07,0,0,0,23.35,91.3,217.96,265.42,229.88,471.82,158.7,95.18,25.81,0,0,0,23.42,109.39,211.01,269.74
Apto_002,490.69,204.54,453.98,97.14,23.9,0,0,0,22.87,109.74,411.44,265.77,261.45,205.83,161.56,102.47,24.15,0,0,0,26.15,102.75,215.49,230.98,263.04,237.19,175.8,90.51,23.04,0,0,0,25.04,108.15,189.97,470.48
Apto_003,532.46,238.87,188.0,93.73,26.96,0,0,0,24.09,92.2,189.12,265.9,225.35,433.27,169.32,96.46,25.09,0,0,0,27.31,95.04,199.89,500.2,478.0,457.86,174.63,94.84,25.86,0,0,0,24.34,102.65,205.34,229.51
Apto_004,445.12,229.09,158.08,94.53,25.73,0,0,0,27.18,92.75,486.11,534.87,265.86,435.64,188.9,102.66,24.2,0,0,0,26.94,105.6,421.84,269.93,491.81,457.6,181.72,94.49,26.06,0,0,0,25.75,106.98,206.3,229.68
Apto_005,535.56,220.19,179.59,100.05,25.38,0,0,0,23.9,90.49,499.86,272.7,536.34,221.77,191.23,95.89,24.43,0,0,0,25.28,108.72,207.84,229.86,526.34,241.98,181.9,97.19,23.97,0,0,0,27.07,100.23,200.06,257.5
Apto_006,264.79,217.71,160.79,90.72,24.83,0,0,0,22.65,90.75,212.9,231.35,525.79,459.48,176.42,104.52,27.38,0,0,0,23.85,98.78,479.4,266.8,461.09,213.76,182.51,95.6,27.27,0,0,0,24.6,94.95,194.24,430.32
Apto_007,227.04,234.16,160.92,99.47,23.37,0,0,0,25.68,90.91,194.98,250.16,464.99,489.99,190.41,97.76,25.72,0,0,0,24.43,109.22,423.15,439.48,491.05,521.97,437.04,102.58,26.89,0,0,0,23.39,105.01,212.27,245.63
Apto_008,263.82,244.38,172.51,105.09,23.02,0,0,0,24.1,107.91,486.11,229.56,272.5,228.3,406.06,103.45,26.26,0,0,0,24.97,91.15,201.98,269.39,507.0,438.73,464.22,104.12,22.91,0,0,0,24.35,106.26,217.89,262.67
Apto_009,229.18,227.63,438.48,90.23,24.84,0,0,0,25.75,104.92,203.33,530.6,236.18,203.05,159.01,100.55,27.46,0,0,0,25.12,102.59,207.83,256.38,498.15,245.27,173.45,95.55,23.44,0,0,0,22.89,109.49,219.45,251.8
Apto_010,265.69,209.82,186.29,104.51,25.57,0,0,0,22.73,90.53,195.06,533.78,244.04,240.4,173.9,95.47,22.78,0,0,0,27.48,101.11,210.76,512.54,231.46,496.95,179.13,92.27,25.86,0,0,0,26.76,101.04,202.44,448.05
Apto_011,262.76,447.82,158.01,101.8,24.46,0,0,0,25.07,105.67,195.86,268.12,232.35,470.56,191.8,96.58,25.67,0,0,0,23.14,93.04,185.55,234.09,269.84,451.77,386.79,93.54,22.94,0,0,0,24.32,100.07,487.56,543.75
Apto_012,498.73,238.78,401.01,99.69,25.59,0,0,0,22.68,95.05,208.53,250.58,230.36,453.39,402.91,94.23,24.14,0,0,0,25.9,105.78,453.65,254.34,474.96,218.84,177.48,109.73,25.53,0,0,0,23.73,93.21,404.8,522.29
Apto_013,245.52,207.54,191.43,106.34,23.79,0,0,0,25.28,101.43,191.2,234.35,246.27,474.47,167.6,93.09,24.91,0,0,0,23.17,91.27,219.6,533.64,263.01,223.72,169.71,106.61,27.33,0,0,0,23.41,91.33,209.64,546.62
Apto_014,451.51,239.16,175.81,107.54,24.46,0,0,0,24.81,96.03,209.9,236.61,244.19,243.29,161.59,102.55,24.17,0,0,0,25.17,107.88,442.72,237.42,226.68,236.81,169.47,92.21,26.73,0,0,0,23.25,94.59,208.89,257.06
Apto_015,486.71,210.67,177.92,99.24,27.24,0,0,0,25.56,90.36,214.88,253.26,271.12,209.36,178.74,104.73,27.17,0,0,0,27.42,106.78,184.99,268.49,254.56,204.96,418.95,97.96,25.19,0,0,0,26.19,99.04,188.98,481.88
Apto_016,245.95,218.81,445.98,93.56,27.31,0,0,0,27.48,100.04,478.81,235.5,438.91,223.74,159.8,99.07,25.12,0,0,0,23.28,93.64,214.47,508.07,461.05,234.72,381.56,103.44,22.6,0,0,0,25.76,94.76,456.2,267.78
Apto_017,244.86,501.36,378.74,90.53,23.41,0,0,0,26.59,96.84,190.38,516.93,245.47,516.97,471.07,99.75,26.97,0,0,0,23.84,100.83,419.27,266.75,478.52,203.33,161.62,95.48,25.27,0,0,0,22.55,92.74,216.0,254.87
Apto_018,549.69,221.34,392.29,104.76,22.91,0,0,0,23.94,97.11,465.4,248.8,271.84,438.4,427.96,101.94,24.17,0,0,0,26.14,99.91,207.54,237.32,264.97,214.75,461.87,92.74,27.25,0,0,0,26.86,104.64,212.26,259.61
Apto_019,237.48,212.45,461.1,108.5,23.4,0,0,0,25.99,95.95,216.98,272.21,268.1,216.86,158.8,94.6,23.1,0,0,0,26.12,91.31,192.61,264.54,256.29,432.65,475.42,100.58,27.2,0,0,0,26.34,98.04,199.2,268.68
Apto_020,263.41,221.46,401.32,95.74,23.98,0,0,0,27.44,98.56,195.37,235.91,506.08,242.06,173.86,93.34,27.46,0,0,0,25.54,100.25,411.28,234.32,539.42,242.27,431.95,105.16,25.98,0,0,0,23.62,100.74,203.72,229.57
Apto_021,527.15,245.5,185.83,101.02,22.93,0,0,0,26.12,99.92,451.57,228.81,249.76,229.16,169.67,101.31,23.84,0,0,0,26.75,107.35,208.33,259.87,255.93,209.64,470.6,92.58,24.18,0,0,0,26.66,100.15,441.95,274.06
Apto_022,237.99,226.8,161.24,100.83,27.31,0,0,0,23.01,108.74,437.61,518.63,242.29,204.56,191.57,104.99,23.15,0,0,0,24.12,99.77,210.82,547.01,246.31,209.86,390.02,103.61,25.77,0,0,0,24.66,108.87,196.79,543.28
Apto_023,245.47,415.96,180.31,107.29,24.87,0,0,0,26.38,105.42,213.79,459.56,271.04,238.34,430.16,98.61,23.5,0,0,0,23.84,105.95,192.41,464.83,249.0,215.62,187.6,90.79,24.9,0,0,0,23.21,99.98,204.73,485.63
Apto_024,485.95,443.69,162.15,103.79,26.5,0,0,0,25.68,104.13,181.26,227.6,260.45,234.63,169.38,91.6,26.97,0,0,0,25.72,100.53,415.3,524.53,235.96,496.63,180.55,101.11,26.1,0,0,0,25.75,93.99,410.27,237.88
Apto_025,268.41,235.92,169.61,109.75,22.7,0,0,0,26.13,99.73,214.94,505.32,532.91,230.92,162.1,108.18,23.4,0,0,0,26.77,99.85,189.89,247.27,242.96,209.86,457.1,96.5,26.37,0,0,0,23.68,91.47,186.79,241.85
Apto_026,508.26,451.07,158.78,103.28,24.87,0,0,0,26.84,94.12,390.19,251.56,472.19,244.52,390.09,109.73,27.33,0,0,0,26.84,99.09,200.62,461.34,240.4,211.58,458.71,98.88,26.84,0,0,0,27.22,103.66,199.89,268.45
Apto_027,226.52,233.53,165.05,97.88,25.76,0,0,0,22.74,109.54,196.28,264.12,261.92,220.69,180.87,105.25,26.49,0,0,0,25.22,90.12,192.98,244.81,244.43,213.19,425.8,103.36,25.6,0,0,0,25.1,99.58,181.03,244.01
Apto_028,254.01,229.86,185.95,109.11,22.59,0,0,0,26.99,94.87,510.52,491.17,468.57,238.64,168.4,104.32,23.86,0,0,0,25.91,93.63,201.01,230.34,237.83,224.26,440.07,109.03,25.51,0,0,0,23.56,102.22,196.44,270.0
Apto_029,236.84,214.87,172.33,91.91,25.62,0,0,0,26.18,107.26,391.03,257.1,491.43,229.25,461.59,98.09,24.64,0,0,0,23.14,92.08,208.97,447.27,502.05,212.7,159.93,91.35,26.5,0,0,0,25.75,100.66,192.97,258.47
Apto_030,258.09,235.38,159.6,109.15,23.38,0,0,0,22.98,99.01,210.25,258.25,511.29,209.36,189.95,106.84,25.1,0,0,0,23.14,106.52,211.28,226.81,238.16,206.44,176.88,97.94,24.74,0,0,0,24.98,109.84,507.12,230.82
Apto_031,244.03,241.56,185.15,91.62,24.51,0,0,0,27.38,102.82,499.1,271.14,255.31,210.37,408.21,91.36,22.63,0,0,0,27.33,98.65,192.47,511.06,235.8,437.89,184.83,91.16,27.47,0,0,0,23.7,92.84,184.86,230.05
Apto_032,228.11,247.35,179.03,102.48,25.14,0,0,0,24.75,93.89,194.71,266.38,505.08,450.14,437.64,94.3,22.56,0,0,0,27.3,99.76,184.39,247.72,229.9,209.25,183.31,97.52,24.47,0,0,0,27.28,105.74,192.62,530.97
Apto_033,226.92,223.27,180.58,102.73,25.57,0,0,0,26.19,100.24,415.69,467.94,225.61,235.69,167.88,105.49,25.81,0,0,0,25.8,105.29,398.82,550.32,256.23,473.26,184.61,100.61,22.71,0,0,0,27.4,102.04,203.3,265.59
Apto_034,231.4,481.48,172.62,102.26,27.22,0,0,0,26.93,102.92,191.44,268.07,546.45,223.22,183.0,103.12,23.39,0,0,0,22.72,93.3,185.27,516.47,267.04,226.9,431.79,103.78,26.87,0,0,0,24.81,90.19,189.87,514.74
Apto_035,520.51,235.49,164.08,105.68,25.27,0,0,0,26.23,94.05,218.32,471.91,268.83,219.07,182.77,101.86,24.46,0,0,0,25.6,97.11,470.59,249.05,228.24,227.77,178.62,106.1,23.85,0,0,0,22.79,96.68,211.4,264.43
Apto_036,479.83,444.09,178.44,109.97,27.17,0,0,0,26.43,92.37,196.4,244.19,490.61,419.97,438.42,95.97,27.2,0,0,0,26.71,93.72,212.11,457.21,261.4,222.16,445.32,92.71,26.26,0,0,0,22.79,95.64,481.09,513.42
Apto_037,247.49,205.44,449.32,92.78,25.16,0,0,0,22.61,103.28,218.54,513.72,238.01,512.08,164.43,99.28,27.36,0,0,0,23.26,94.51,190.04,253.06,230.74,505.81,422.35,99.69,23.33,0,0,0,24.81,98.24,206.04,228.11
Apto_038,265.32,204.84,381.02,96.6,26.28,0,0,0,26.9,107.41,189.55,274.25,472.75,243.41,440.6,106.44,24.4,0,0,0,25.12,95.74,211.71,256.73,244.8,496.08,185.26,107.14,27.03,0,0,0,23.51,93.68,215.76,232.61
Apto_039,544.01,238.66,191.35,109.68,25.84,0,0,0,24.64,93.24,180.5,251.37,542.66,210.93,186.17,104.2,24.07,0,0,0,24.29,99.88,213.13,233.69,490.29,208.89,173.26,103.02,25.6,0,0,0,27.4,102.68,185.05,241.26
Apto_040,514.06,212.72,167.27,103.88,25.06,0,0,0,24.02,103.06,217.53,263.3,548.97,232.68,161.38,99.21,26.82,0,0,0,23.05,98.45,181.68,556.74,239.61,236.43,158.13,104.53,24.02,0,0,0,23.06,104.07,425.82,225.62
Apto_041,240.06,490.2,159.18,107.05,25.84,0,0,0,22.89,94.79,470.06,274.77,534.21,438.84,189.34,106.59,26.89,0,0,0,24.08,98.69,210.96,269.63,255.35,229.13,165.81,92.08,24.42,0,0,0,25.5,104.87,200.25,464.73
Apto_042,462.63,214.96,169.1,93.92,25.55,0,0,0,22.53,90.15,399.57,241.94,253.6,215.71,433.1,92.28,24.23,0,0,0,26.01,109.86,424.72,246.09,270.38,229.86,186.33,106.42,22.51,0,0,0,22.8,102.08,445.85,247.81
Apto_043,231.05,444.32,169.92,103.37,25.89,0,0,0,25.68,108.27,204.5,551.44,228.32,451.1,167.83,101.54,22.72,0,0,0,26.15,103.05,213.82,246.5,238.77,238.0,185.44,107.15,27.08,0,0,0,24.36,102.02,208.22,486.78
Apto_044,232.13,420.61,180.1,96.81,22.86,0,0,0,25.53,97.29,188.72,247.7,232.03,203.74,191.24,90.78,22.65,0,0,0,26.28,99.17,191.57,230.81,240.7,229.63,488.05,97.79,24.43,0,0,0,25.27,100.83,210.48,247.02
Apto_045,443.73,514.55,177.02,101.61,23.2,0,0,0,24.51,109.88,215.21,253.47,235.07,204.28,472.91,108.19,26.11,0,0,0,26.45,92.5,499.48,518.47,274.05,241.36,390.96,105.24,24.43,0,0,0,26.83,109.61,196.3,263.23
Apto_046,483.73,240.93,187.14,91.25,26.92,0,0,0,27.13,90.38,199.07,261.14,467.59,459.77,490.79,103.54,26.64,0,0,0,26.67,104.81,185.71,263.45,263.31,478.87,160.22,98.14,22.83,0,0,0,27.24,91.45,218.2,490.04
Apto_047,264.73,445.05,395.94,106.07,27.15,0,0,0,24.88,94.52,205.62,255.17,546.26,225.14,178.01,91.44,25.91,0,0,0,26.52,101.05,478.34,238.57,502.17,204.94,419.73,90.94,23.88,0,0,0,22.52,94.94,209.64,230.09
Apto_048,238.52,216.6,188.72,108.2,24.39,0,0,0,24.97,97.75,205.31,496.52,258.32,236.75,392.63,105.64,25.72,0,0,0,25.0,98.65,435.18,520.25,245.83,506.5,174.03,94.31,25.89,0,0,0,25.76,104.77,192.63,244.76
Apto_049,234.96,215.43,411.12,95.35,26.68,0,0,0,22.6,92.49,196.55,245.21,501.17,245.86,181.21,105.48,26.36,0,0,0,22.58,105.4,438.84,503.19,250.9,449.21,180.13,106.94,22.62,0,0,0,24.79,97.96,414.94,237.33
Apto_050,262.37,205.1,190.5,109.83,25.22,0,0,0,23.63,93.92,185.63,264.07,232.35,231.12,415.61,108.35,23.95,0,0,0,22.81,92.95,180.31,543.18,501.54,460.55,185.74,100.93,24.66,0,0,0,23.55,91.0,213.75,264.66
Apto_051,237.1,211.36,192.32,109.62,25.35,0,0,0,22.87,102.45,498.51,270.39,273.01,246.48,163.16,104.37,23.74,0,0,0,25.33,105.43,400.86,242.85,236.43,212.49,187.18,91.91,24.64,0,0,0,23.09,95.78,195.91,550.76
Apto_052,243.59,236.44,190.78,97.14,26.44,0,0,0,25.78,94.81,187.66,230.09,439.64,210.38,167.39,101.63,24.68,0,0,0,23.91,97.06,215.76,269.63,264.02,484.0,164.01,107.1,23.54,0,0,0,25.03,98.19,212.44,241.61
Apto_053,263.56,209.32,418.89,90.75,23.14,0,0,0,25.11,91.09,449.34,440.34,261.47,212.59,183.47,98.45,24.01,0,0,0,23.41,97.42,216.08,274.24,244.66,486.7,460.39,101.68,27.26,0,0,0,23.98,104.29,461.75,250.44
Apto_054,271.65,233.87,173.66,103.89,26.14,0,0,0,23.48,96.91,193.42,267.83,261.35,245.12,449.44,104.69,24.42,0,0,0,26.02,109.41,467.99,265.86,523.83,234.83,163.77,101.05,24.48,0,0,0,24.05,95.8,214.86,527.32
Apto_055,253.59,510.68,159.31,95.75,24.03,0,0,0,26.16,98.09,182.73,239.29,259.27,205.05,190.56,103.43,25.66,0,0,0,23.01,95.56,191.05,525.89,233.97,207.6,183.33,98.45,24.23,0,0,0,24.92,95.37,191.5,273.43
Apto_056,523.99,475.78,179.33,95.35,22.58,0,0,0,26.03,102.2,452.28,268.3,524.77,235.64,164.59,104.02,25.9,0,0,0,23.77,99.01,218.3,534.24,474.68,496.85,189.51,95.17,24.67,0,0,0,25.57,102.75,189.68,517.32
Apto_057,486.77,436.9,159.69,104.65,25.53,0,0,0,26.69,106.1,212.92,513.89,262.14,463.08,189.73,100.77,23.84,0,0,0,26.44,99.09,475.76,246.38,257.47,205.38,167.73,90.44,24.01,0,0,0,27.14,92.11,210.58,473.71
Apto_058,451.59,232.39,185.99,92.21,23.95,0,0,0,25.18,97.14,194.15,264.46,270.69,217.2,175.2,107.53,23.01,0,0,0,23.47,107.18,207.08,267.94,246.96,209.72,163.77,94.59,23.09,0,0,0,26.16,100.3,388.37,233.29
Apto_059,237.08,459.16,384.54,97.82,23.67,0,0,0,25.28,98.32,197.16,259.82,233.58,221.04,179.6,92.31,25.53,0,0,0,25.96,94.13,195.67,235.22,525.24,205.61,177.12,103.77,23.77,0,0,0,26.68,106.43,213.73,241.68
Apto_060,533.06,242.22,160.15,106.07,27.01,0,0,0,24.45,100.84,483.55,228.71,265.19,247.37,403.79,97.45,22.84,0,0,0,25.78,104.18,446.5,529.65,263.64,205.49,177.93,105.03,26.52,0,0,0,25.6,104.85,475.84,262.5
Apto_061,262.94,231.94,177.76,93.13,24.87,0,0,0,24.07,94.83,188.6,270.39,504.01,219.73,180.58,95.44,25.96,0,0,0,24.12,95.39,187.64,235.94,238.23,239.17,392.97,103.98,24.34,0,0,0,22.67,107.58,189.74,226.95
Apto_062,241.15,242.47,189.03,106.51,26.72,0,0,0,22.97,109.98,193.07,265.33,478.92,423.25,170.11,101.32,24.06,0,0,0,26.32,102.47,494.2,255.98,256.23,228.91,192.17,98.85,26.04,0,0,0,27.14,108.58,193.68,235.58
Apto_063,274.06,238.7,423.74,103.5,25.89,0,0,0,25.0,103.82,207.89,502.36,525.48,222.98,388.72,105.58,25.55,0,0,0,27.3,100.72,199.54,232.68,238.85,228.74,373.1,98.47,22.92,0,0,0,25.8,94.22,214.52,234.83
Apto_064,239.33,537.11,179.29,99.3,26.74,0,0,0,27.38,106.34,214.1,229.26,451.49,433.71,460.67,105.19,27.34,0,0,0,24.13,95.99,414.95,242.77,509.03,209.11,396.04,99.69,24.01,0,0,0,25.4,100.11,185.76,238.68
Apto_065,229.11,216.29,159.49,99.17,26.13,0,0,0,26.81,96.28,201.52,274.47,492.51,235.87,174.41,97.23,26.8,0,0,0,26.31,92.52,187.86,233.77,253.97,486.78,170.53,92.82,25.35,0,0,0,23.41,106.51,191.43,273.5
Apto_066,232.15,238.4,160.55,106.9,26.48,0,0,0,23.59,107.48,390.05,268.53,256.37,209.34,418.41,108.41,22.7,0,0,0,27.04,99.36,198.65,232.72,246.5,247.48,171.43,93.41,22.65,0,0,0,25.58,108.21,200.39,482.63
Apto_067,246.91,454.63,438.27,92.23,25.54,0,0,0,26.51,97.84,487.31,236.85,253.29,421.85,186.44,105.5,23.67,0,0,0,25.84,108.66,190.62,258.92,267.41,242.32,463.55,90.21,26.08,0,0,0,24.06,96.8,183.16,238.05
Apto_068,266.73,210.86,399.24,93.26,25.48,0,0,0,25.01,94.93,198.84,262.56,253.89,239.28,380.69,103.27,24.56,0,0,0,27.05,96.28,426.7,234.23,246.5,207.9,425.38,96.0,25.48,0,0,0,25.23,108.05,193.76,257.93
Apto_069,266.05,232.07,171.48,90.22,26.63,0,0,0,24.82,92.37,425.95,254.74,226.62,443.71,471.21,106.37,27.42,0,0,0,24.24,91.01,182.11,509.29,237.64,218.66,186.22,97.02,24.31,0,0,0,22.92,99.33,199.29,236.06
Apto_070,265.42,219.81,168.12,92.37,27.17,0,0,0,24.88,98.15,186.45,273.56,502.5,207.74,190.35,91.54,24.27,0,0,0,26.57,102.24,405.53,242.74,258.79,205.65,446.59,90.84,24.6,0,0,0,23.66,100.05,209.26,236.02
Apto_071,271.72,231.09,171.61,100.63,25.89,0,0,0,23.23,106.66,201.61,246.57,555.17,224.28,168.3,96.5,22.7,0,0,0,27.33,97.9,209.13,258.55,272.34,536.78,158.4,103.19,25.94,0,0,0,25.61,94.45,192.29,462.95
Apto_072,245.91,482.22,427.18,102.05,23.32,0,0,0,27.37,92.71,189.26,271.32,484.93,478.51,157.9,96.13,22.7,0,0,0,25.22,95.5,498.8,243.74,227.53,239.96,447.08,108.61,22.98,0,0,0,22.92,94.22,459.35,247.11
Apto_073,244.73,209.76,185.69,93.08,23.25,0,0,0,25.9,91.13,181.39,524.01,237.99,465.81,439.13,106.52,25.87,0,0,0,26.19,97.21,414.97,573.47,273.86,232.17,434.58,102.39,24.56,0,0,0,26.75,94.03,217.38,266.16
Apto_074,545.81,204.31,413.25,105.31,23.77,0,0,0,27.4,103.48,213.88,258.82,255.16,228.39,167.16,94.53,25.96,0,0,0,23.59,91.2,185.24,540.89,242.07,244.3,381.95,95.17,22.64,0,0,0,23.37,95.92,206.55,227.52
Apto_075,253.84,434.0,178.53,108.35,24.53,0,0,0,25.13,103.96,216.01,258.82,472.41,480.92,179.68,90.32,26.14,0,0,0,24.21,92.69,183.78,270.92,230.17,235.3,432.85,97.13,23.77,0,0,0,27.29,101.31,455.47,244.0
Apto_076,453.93,434.36,192.06,100.64,26.87,0,0,0,24.13,96.11,196.11,259.11,231.66,208.27,181.77,105.07,26.86,0,0,0,23.43,90.51,191.38,255.86,531.16,207.36,177.99,91.72,22.79,0,0,0,23.67,102.76,462.62,490.24
Apto_077,255.68,238.95,183.06,102.82,24.83,0,0,0,24.29,108.23,180.84,227.84,260.11,232.9,183.97,98.25,27.17,0,0,0,27.35,97.56,182.48,516.11,274.89,218.46,161.53,98.3,24.44,0,0,0,22.81,106.27,217.62,520.47
Apto_078,255.09,220.57,161.94,93.25,26.17,0,0,0,25.48,107.44,203.08,265.15,228.96,243.36,383.02,98.66,25.48,0,0,0,25.43,106.57,183.21,256.5,558.26,208.1,463.69,90.81,24.53,0,0,0,25.86,99.63,212.39,226.1
Apto_079,229.31,459.1,180.04,91.09,25.5,0,0,0,24.71,90.97,212.82,254.4,264.99,239.67,184.95,98.28,27.29,0,0,0,25.63,101.43,447.83,263.18,236.34,206.1,383.45,97.73,22.76,0,0,0,24.41,106.78,185.81,485.49
Apto_080,253.3,227.6,363.61,93.71,25.21,0,0,0,26.71,95.93,395.78,231.16,237.29,247.03,428.93,101.09,22.88,0,0,0,24.55,99.79,430.15,529.53,254.97,216.69,383.7,105.95,25.89,0,0,0,22.86,95.61,194.0,562.06
Apto_081,506.46,220.94,163.83,96.68,26.15,0,0,0,26.52,107.33,182.38,232.0,252.43,225.88,162.23,97.92,23.17,0,0,0,27.04,109.83,188.33,258.46,245.92,229.22,163.15,101.07,25.35,0,0,0,24.27,105.6,472.05,253.37
Apto_082,261.75,450.6,172.17,100.27,23.94,0,0,0,26.17,90.48,203.39,233.72,229.57,227.27,175.75,93.93,22.61,0,0,0,25.48,106.2,197.19,270.65,453.9,213.61,176.93,98.53,25.58,0,0,0,25.09,94.28,191.33,530.53
Apto_083,258.44,459.85,188.52,101.29,25.82,0,0,0,26.1,95.74,438.3,491.93,231.91,225.0,165.87,105.2,24.06,0,0,0,25.73,108.69,192.14,263.29,273.28,208.38,183.03,94.14,25.02,0,0,0,26.23,94.64,416.08,264.17
Apto_084,243.51,242.86,163.9,97.53,24.2,0,0,0,23.74,96.34,212.35,240.12,267.86,209.1,190.58,96.63,25.0,0,0,0,24.06,106.05,509.7,241.44,262.59,245.06,458.05,104.84,25.89,0,0,0,22.77,104.35,199.02,527.81
Apto_085,524.48,225.5,173.63,106.59,26.05,0,0,0,25.99,97.26,215.17,230.63,565.46,233.06,461.18,95.97,26.38,0,0,0,25.22,109.52,194.77,242.2,247.03,225.25,162.34,95.0,22.87,0,0,0,24.61,105.7,187.83,257.44
Apto_086,523.11,225.58,178.36,98.71,27.1,0,0,0,24.59,94.39,180.01,267.19,440.15,235.08,423.81,96.98,24.37,0,0,0,22.68,109.89,408.3,226.95,265.12,222.49,175.31,107.32,22.55,0,0,0,24.92,109.74,464.02,274.61
Apto_087,229.87,458.4,165.72,96.75,26.64,0,0,0,23.67,91.36,187.48,239.57,243.84,243.24,464.4,91.2,23.99,0,0,0,26.42,92.45,412.45,552.6,547.78,213.61,163.41,90.26,25.06,0,0,0,26.6,107.76,416.87,243.85
Apto_088,521.35,210.04,175.12,104.79,25.73,0,0,0,24.39,98.27,477.16,272.68,466.38,521.5,161.3,97.63,26.38,0,0,0,23.23,108.76,216.71,256.27,228.45,216.62,429.61,106.29,24.41,0,0,0,24.0,102.86,204.04,243.13
Apto_089,235.2,449.53,188.43,103.68,22.63,0,0,0,25.55,94.82,410.19,530.98,225.3,208.05,486.5,94.12,26.21,0,0,0,25.17,93.91,186.65,241.39,262.99,245.34,178.41,90.99,23.79,0,0,0,27.1,98.48,193.69,247.24
Apto_090,242.58,228.1,185.91,98.67,26.74,0,0,0,25.62,104.83,212.2,484.94,258.69,236.2,454.65,100.91,23.52,0,0,0,23.58,109.35,208.61,246.36,269.9,479.0,361.92,90.79,27.39,0,0,0,25.25,93.06,209.12,261.56
Apto_091,273.77,217.87,159.9,92.39,24.14,0,0,0,24.87,107.09,193.6,229.41,510.41,209.95,176.24,93.93,23.56,0,0,0,26.79,103.34,197.42,260.96,456.66,465.45,176.14,102.01,23.33,0,0,0,26.14,108.45,210.49,234.6
Apto_092,256.17,224.54,169.21,93.95,26.53,0,0,0,25.79,98.75,191.07,242.35,271.13,217.25,158.78,96.73,27.1,0,0,0,24.93,91.71,218.9,504.06,457.07,459.68,175.17,91.24,25.38,0,0,0,26.67,92.36,181.81,509.37
Apto_093,227.0,228.49,169.13,92.13,24.33,0,0,0,27.35,107.3,204.03,239.26,247.78,468.4,438.43,108.26,25.55,0,0,0,26.76,101.18,402.19,273.18,523.47,244.47,161.91,105.33,24.53,0,0,0,25.62,92.63,483.27,263.02
Apto_094,515.69,485.5,158.91,99.37,23.24,0,0,0,23.52,105.38,197.02,470.63,265.83,206.4,189.46,106.59,23.17,0,0,0,25.88,97.27,450.74,260.04,551.27,474.46,167.4,109.66,25.71,0,0,0,26.51,98.69,509.55,235.94
Apto_095,262.81,229.87,389.33,96.0,24.87,0,0,0,22.79,101.67,475.15,258.24,260.05,494.38,417.47,109.58,24.6,0,0,0,25.41,105.96,214.57,248.76,273.34,206.25,429.29,98.34,26.89,0,0,0,22.77,109.44,447.45,267.89
Apto_096,464.42,237.6,398.73,108.8,24.22,0,0,0,26.96,99.21,208.39,499.55,443.03,203.48,162.21,102.12,24.64,0,0,0,26.31,107.87,197.31,248.85,269.37,217.61,189.94,100.18,24.76,0,0,0,25.4,95.65,191.16,532.79
Apto_097,473.08,457.12,160.54,109.33,27.22,0,0,0,22.53,106.21,434.08,273.04,470.7,233.68,446.16,100.67,24.53,0,0,0,24.99,102.06,189.09,259.75,274.51,219.19,163.47,96.94,24.66,0,0,0,25.38,96.84,434.84,451.13
Apto_098,257.41,222.55,177.49,92.79,25.35,0,0,0,24.36,91.85,198.32,565.03,507.71,242.8,173.02,100.52,25.94,0,0,0,22.75,97.73,194.14,249.55,234.61,246.37,173.06,109.67,23.71,0,0,0,22.94,103.54,182.56,546.14
Apto_099,226.52,436.59,410.78,96.96,25.6,0,0,0,23.69,94.27,196.45,235.87,244.55,245.46,397.65,95.34,25.03,0,0,0,24.3,103.74,462.67,225.49,241.47,236.98,430.54,104.54,25.96,0,0,0,25.55,108.3,186.25,500.86
Apto_100,241.69,242.51,179.61,91.02,23.66,0,0,0,25.02,96.46,190.32,231.66,268.39,207.28,185.78,92.28,25.72,0,0,0,24.79,100.57,181.38,229.07,239.63,208.5,395.76,92.91,26.89,0,0,0,25.75,107.36,213.13,433.69
Apto_101,463.88,219.83,178.86,104.21,23.06,0,0,0,24.2,109.95,483.61,226.23,261.27,246.35,159.78,102.93,25.74,0,0,0,27.06,98.78,181.6,266.32,490.66,223.61,179.94,100.51,22.83,0,0,0,24.28,103.65,206.49,238.41
Apto_102,231.26,204.29,187.94,98.98,24.8,0,0,0,23.72,98.43,213.55,237.16,525.74,239.42,159.21,98.76,24.21,0,0,0,25.41,93.73,393.23,254.39,483.15,239.38,169.74,95.48,22.63,0,0,0,26.21,103.5,188.24,498.93
Apto_103,267.93,441.34,185.95,102.37,26.41,0,0,0,26.24,107.02,191.45,240.71,226.67,209.99,413.09,108.3,23.56,0,0,0,27.06,92.93,421.51,259.17,262.74,222.66,421.42,97.09,25.32,0,0,0,26.98,92.07,206.26,233.44
Apto_104,247.64,232.96,164.09,91.86,23.22,0,0,0,23.21,92.61,415.5,233.34,266.07,232.01,181.2,102.57,23.83,0,0,0,25.35,106.65,488.84,258.71,274.28,213.46,161.25,108.2,24.41,0,0,0,24.05,105.24,217.45,233.74
Apto_105,468.6,214.56,179.66,95.14,26.1,0,0,0,23.23,106.46,189.4,245.26,521.33,214.63,418.99,103.26,27.33,0,0,0,23.18,109.55,448.52,511.6,478.14,246.66,470.68,106.42,23.91,0,0,0,25.4,108.58,199.87,247.29
Apto_106,497.72,467.33,176.22,99.49,26.58,0,0,0,26.93,98.22,204.17,455.23,225.83,486.74,168.7,93.25,27.3,0,0,0,26.31,92.88,439.0,247.77,225.37,234.81,464.44,101.77,23.55,0,0,0,24.58,95.17,214.68,247.4
Apto_107,235.21,218.64,174.31,101.32,27.08,0,0,0,25.43,99.85,187.69,237.29,241.77,226.49,414.09,91.98,25.61,0,0,0,23.32,98.13,217.06,245.95,229.21,491.07,161.33,93.5,25.74,0,0,0,25.87,102.29,448.79,237.41
Apto_108,244.47,457.21,167.34,94.69,22.6,0,0,0,24.19,90.14,207.21,511.34,518.07,216.4,184.44,98.01,27.24,0,0,0,26.99,108.16,183.5,266.28,235.05,535.98,413.0,101.52,25.73,0,0,0,23.22,90.28,202.67,258.3
Apto_109,225.66,223.18,160.03,100.06,26.33,0,0,0,23.36,107.45,500.76,513.6,237.66,239.3,175.07,105.07,23.16,0,0,0,24.59,107.07,423.32,238.13,231.45,207.05,169.96,94.67,25.7,0,0,0,23.13,107.33,446.5,233.04
Apto_110,513.56,239.16,175.47,100.71,24.47,0,0,0,24.95,106.94,213.28,241.66,533.03,224.39,456.17,96.1,23.34,0,0,0,24.12,100.88,202.07,247.37,468.21,223.1,164.71,90.42,24.59,0,0,0,23.52,104.84,182.09,234.91
Apto_111,242.63,216.87,411.24,91.64,23.48,0,0,0,27.12,100.9,190.79,257.95,238.25,405.23,192.48,105.73,25.05,0,0,0,24.38,105.13,403.39,230.12,271.66,238.58,457.75,105.66,23.34,0,0,0,27.23,101.6,407.9,508.7
Apto_112,544.77,209.47,166.21,95.09,24.94,0,0,0,23.21,91.06,488.68,250.6,472.85,216.85,461.87,90.44,26.51,0,0,0,23.23,103.95,205.71,271.87,517.01,482.25,171.59,103.01,22.95,0,0,0,24.51,91.02,439.96,242.54
Apto_113,501.81,499.15,418.93,92.12,25.64,0,0,0,24.45,101.57,216.45,233.72,267.16,231.78,188.79,91.9,25.22,0,0,0,23.33,105.95,455.19,233.7,225.9,227.24,180.72,94.31,23.1,0,0,0,26.71,100.02,449.56,256.91
Apto_114,526.36,229.09,166.45,106.87,23.47,0,0,0,26.07,94.15,202.75,246.61,486.55,245.33,187.88,97.0,22.92,0,0,0,24.71,99.71,211.12,247.16,243.37,238.9,175.85,95.39,23.89,0,0,0,25.74,90.59,204.72,252.29
Apto_115,524.15,220.89,431.06,100.76,25.04,0,0,0,23.45,99.21,455.97,257.55,473.25,246.6,434.16,90.75,25.35,0,0,0,24.79,108.9,453.52,237.01,247.77,468.93,186.56,96.77,27.18,0,0,0,26.21,106.55,218.71,255.03
Apto_116,472.35,230.78,439.99,91.76,24.57,0,0,0,23.89,99.96,193.18,267.85,556.46,205.19,169.02,100.24,27.2,0,0,0,24.48,93.98,196.99,270.77,250.26,449.66,467.52,105.34,23.84,0,0,0,26.91,100.3,210.99,465.25
Apto_117,453.58,494.56,176.37,99.68,22.82,0,0,0,24.65,96.41,477.81,480.01,238.26,526.34,159.44,91.41,27.17,0,0,0,25.74,109.38,208.56,503.67,231.34,224.21,406.98,109.01,24.42,0,0,0,23.99,98.22,188.71,231.53
Apto_118,504.34,459.0,438.61,105.43,27.08,0,0,0,26.41,106.91,211.96,236.65,261.36,430.69,391.9,109.97,22.62,0,0,0,25.27,108.03,424.59,237.52,269.41,510.31,440.84,91.72,25.3,0,0,0,24.17,100.44,479.53,260.65
Apto_119,227.65,477.84,163.93,93.1,24.28,0,0,0,24.6,101.24,468.36,228.89,508.05,228.1,190.47,91.73,25.85,0,0,0,23.46,105.81,198.16,244.2,474.2,213.84,177.86,101.93,24.33,0,0,0,23.15,100.74,217.46,268.48
Apto_120,447.58,472.41,175.06,92.26,24.53,0,0,0,23.36,106.16,207.72,259.98,231.92,226.11,169.33,101.75,22.93,0,0,0,24.97,107.89,190.71,269.93,259.29,206.49,392.66,98.36,23.76,0,0,0,25.36,98.84,193.87,269.68
Apto_121,241.6,443.9,392.09,92.63,26.79,0,0,0,25.14,103.11,189.33,240.47,225.81,218.33,160.05,94.36,25.89,0,0,0,25.81,97.11,469.48,262.27,240.14,239.31,176.58,108.07,22.99,0,0,0,26.79,98.3,183.57,513.76
Apto_122,228.78,221.75,160.64,91.79,27.31,0,0,0,27.17,96.89,186.44,496.0,483.25,228.16,174.2,103.58,22.87,0,0,0,25.29,96.09,428.42,266.84,503.01,438.21,185.25,109.5,23.66,0,0,0,26.85,102.72,186.59,239.36
Apto_123,247.67,204.96,174.37,96.32,26.15,0,0,0,26.75,101.01,213.04,244.92,544.53,469.26,381.44,99.29,24.67,0,0,0,24.17,96.33,412.24,264.78,524.79,241.18,174.38,109.5,27.33,0,0,0,23.57,103.52,196.2,229.45
Apto_124,270.93,209.54,475.97,108.29,23.33,0,0,0,23.47,98.33,197.95,521.74,270.42,203.37,470.44,102.68,22.86,0,0,0,25.16,96.07,453.52,272.9,229.15,217.81,391.82,105.38,23.83,0,0,0,24.83,108.86,453.09,232.47
Apto_125,248.03,244.35,174.71,106.13,22.52,0,0,0,23.5,90.76,410.97,236.55,267.57,221.22,393.71,93.46,24.4,0,0,0,27.17,90.97,188.41,496.08,257.46,231.22,160.77,92.58,27.24,0,0,0,24.99,96.2,212.48,515.28
Apto_126,486.03,517.48,174.08,90.14,26.6,0,0,0,26.01,109.12,201.25,272.69,524.16,218.8,434.15,91.21,24.57,0,0,0,26.64,105.42,435.21,271.74,267.13,221.83,457.7,94.81,23.7,0,0,0,25.84,108.23,193.82,510.06
Apto_127,263.34,219.46,378.33,95.01,26.53,0,0,0,26.83,94.83,183.14,262.38,265.84,238.17,473.2,97.67,23.26,0,0,0,25.43,98.91,458.31,251.88,264.2,524.84,170.91,90.41,23.53,0,0,0,27.15,99.68,479.88,237.35
Apto_128,270.54,225.91,444.84,90.69,24.99,0,0,0,24.66,102.46,182.98,234.13,256.87,235.72,184.28,99.68,25.74,0,0,0,24.05,91.72,183.64,495.14,254.62,493.44,453.72,102.27,23.81,0,0,0,26.91,98.32,208.81,497.11
Apto_129,270.4,205.46,177.52,92.45,25.17,0,0,0,22.85,95.56,192.98,239.13,507.21,235.73,179.42,92.53,27.23,0,0,0,27.17,104.4,454.46,255.89,230.2,524.84,175.64,96.29,25.4,0,0,0,26.0,104.22,182.08,472.09
Apto_130,249.15,219.53,160.89,109.83,26.35,0,0,0,24.55,105.6,503.07,254.63,250.1,227.7,456.45,100.84,23.16,0,0,0,24.35,92.71,494.13,474.84,244.16,449.76,436.48,101.31,26.07,0,0,0,23.72,92.63,192.09,273.6
Apto_131,230.5,465.79,159.11,96.77,24.87,0,0,0,24.67,106.39,469.42,506.08,549.38,240.9,166.78,96.41,25.26,0,0,0,24.72,95.13,187.62,225.02,467.59,224.32,168.72,102.83,22.62,0,0,0,22.97,105.17,204.24,489.93
Apto_132,235.39,521.86,186.99,91.56,23.03,0,0,0,23.29,99.75,194.56,231.45,238.74,204.33,465.58,90.62,27.33,0,0,0,22.83,109.79,181.57,247.14,237.3,224.21,381.34,104.76,23.45,0,0,0,27.21,100.37,399.07,238.43
Apto_133,251.68,220.33,174.63,95.36,24.77,0,0,0,24.15,90.84,199.85,233.42,274.25,211.37,182.16,100.81,26.75,0,0,0,25.4,93.78,216.04,517.08,483.78,220.63,160.62,93.5,27.44,0,0,0,22.97,109.52,191.45,538.52
Apto_134,457.99,209.81,388.07,103.81,25.36,0,0,0,25.85,109.41,187.03,246.21,237.71,224.34,376.76,104.28,23.48,0,0,0,24.85,97.35,184.02,258.19,239.31,413.51,411.64,95.59,23.14,0,0,0,25.72,96.79,208.32,237.8
Apto_135,230.81,482.57,188.0,102.16,24.52,0,0,0,24.34,108.28,194.73,244.18,257.54,217.54,158.84,100.25,24.49,0,0,0,26.86,98.93,437.67,249.82,258.93,245.76,425.49,96.74,25.35,0,0,0,26.75,94.26,206.75,479.62
Apto_136,252.84,221.17,178.73,106.74,27.48,0,0,0,26.6,95.7,189.57,227.82,250.29,235.29,178.94,100.95,25.7,0,0,0,23.62,100.0,213.62,264.45,245.23,470.23,396.79,105.59,23.76,0,0,0,24.54,103.24,198.59,498.27
Apto_137,251.43,235.6,161.47,100.01,26.97,0,0,0,22.69,97.34,476.32,483.5,260.72,234.25,383.32,100.69,25.88,0,0,0,22.87,93.84,213.6,568.76,535.21,215.15,163.68,108.08,24.1,0,0,0,24.18,94.22,482.72,489.7
Apto_138,241.03,246.2,187.64,93.14,25.95,0,0,0,24.7,108.02,210.03,255.16,274.18,204.47,381.7,99.0,24.16,0,0,0,25.95,100.29,188.01,469.34,228.66,236.36,182.57,99.54,25.71,0,0,0,25.0,97.15,191.1,259.64
Apto_139,242.12,227.76,175.97,101.56,26.25,0,0,0,27.19,100.6,204.6,229.68,262.36,216.28,160.03,95.13,25.46,0,0,0,25.95,96.88,191.09,262.54,445.87,227.44,176.31,90.67,24.33,0,0,0,27.27,94.47,216.89,274.28
Apto_140,546.37,452.75,172.36,100.85,25.14,0,0,0,22.94,102.68,483.11,228.93,233.2,216.06,452.64,96.05,25.81,0,0,0,24.63,94.94,498.11,530.98,229.39,234.6,417.17,92.06,26.1,0,0,0,24.12,96.68,181.03,265.17
Apto_141,250.91,203.89,157.96,99.78,24.21,0,0,0,25.24,94.39,197.16,555.04,459.57,502.84,379.23,104.39,26.77,0,0,0,22.78,92.07,448.85,237.67,270.3,218.45,171.91,99.03,26.78,0,0,0,22.98,94.01,484.19,232.91
Apto_142,255.28,219.74,177.39,91.34,24.82,0,0,0,24.97,92.37,180.55,259.9,239.79,221.45,385.27,91.11,23.49,0,0,0,27.37,93.87,193.83,225.42,226.6,242.64,176.53,97.74,25.74,0,0,0,25.25,107.76,184.19,235.5
Apto_143,240.83,209.27,185.56,99.81,26.74,0,0,0,26.92,101.54,469.16,227.21,231.52,220.26,188.32,100.75,22.75,0,0,0,23.11,92.28,196.44,468.56,557.35,241.36,163.41,105.39,25.48,0,0,0,25.05,101.71,194.37,243.18
Apto_144,508.2,208.84,183.01,95.58,27.25,0,0,0,26.97,100.6,206.77,520.4,487.59,456.91,158.65,107.9,27.41,0,0,0,25.08,93.07,216.87,261.59,503.85,212.39,184.87,99.07,26.46,0,0,0,23.87,96.3,405.62,247.77
Apto_145,230.22,525.68,177.4,105.13,23.79,0,0,0,24.74,102.73,188.85,263.61,255.89,242.73,186.96,98.21,23.65,0,0,0,25.12,106.12,194.14,516.72,515.46,218.09,395.89,104.1,24.75,0,0,0,26.85,92.77,481.12,259.66
Apto_146,244.88,213.05,176.81,95.14,27.24,0,0,0,24.91,96.67,197.96,246.78,261.64,500.95,177.98,99.72,24.07,0,0,0,25.92,103.21,218.02,227.6,268.13,228.86,176.13,91.66,23.46,0,0,0,27.44,97.78,181.9,504.7
Apto_147,262.12,224.98,191.58,98.16,23.9,0,0,0,25.15,95.8,470.65,451.86,271.68,213.01,178.8,97.47,25.91,0,0,0,25.19,95.76,184.81,257.24,502.92,243.95,166.33,106.48,23.02,0,0,0,26.06,97.7,196.09,515.2
Apto_148,249.05,487.4,454.37,106.05,24.93,0,0,0,23.68,104.61,382.29,532.23,463.54,244.63,170.27,97.9,24.18,0,0,0,25.89,95.79,422.22,245.37,243.86,419.83,385.59,105.22,22.58,0,0,0,25.31,96.27,191.8,478.33
Apto_149,269.89,227.31,161.9,100.5,23.51,0,0,0,22.98,100.96,208.11,527.47,500.04,217.48,165.06,108.26,26.49,0,0,0,25.61,98.26,512.5,255.69,505.12,203.49,157.99,97.3,25.56,0,0,0,22.85,101.78,200.83,250.49
Apto_150,478.46,246.42,169.03,106.95,24.71,0,0,0,27.35,103.86,459.97,267.07,540.07,508.84,385.13,93.57,24.19,0,0,0,23.85,90.58,204.2,239.93,262.34,494.4,164.71,91.3,26.63,0,0,0,24.82,104.89,204.78,246.59
Apto_151,248.12,224.39,184.98,101.09,23.4,0,0,0,26.56,90.66,198.71,551.75,484.15,215.19,440.58,92.65,23.67,0,0,0,24.74,105.8,420.37,246.85,262.18,442.65,177.64,100.3,23.35,0,0,0,24.96,109.51,193.33,229.51
Apto_152,229.48,234.7,182.14,99.0,26.79,0,0,0,25.42,100.77,398.55,237.08,244.0,246.63,378.12,105.51,25.35,0,0,0,23.77,94.56,411.39,230.84,460.34,515.19,436.16,90.44,25.7,0,0,0,25.77,98.32,187.19,253.25
Apto_153,230.87,502.29,172.95,92.83,25.71,0,0,0,27.31,108.03,190.82,518.46,452.54,456.77,163.49,104.1,22.93,0,0,0,22.52,94.96,217.11,261.03,229.57,493.95,162.23,108.77,23.43,0,0,0,23.35,96.32,196.98,239.03
Apto_154,232.67,202.52,408.11,103.03,26.06,0,0,0,27.28,108.47,198.29,247.62,232.84,471.1,184.85,102.7,27.05,0,0,0,25.21,96.48,185.45,248.54,254.29,238.69,171.43,106.06,24.37,0,0,0,22.96,102.96,196.53,518.35
Apto_155,263.6,210.17,180.47,99.71,25.21,0,0,0,23.87,97.86,422.37,535.81,233.64,482.11,434.83,99.41,26.87,0,0,0,26.74,90.19,196.12,262.02,251.48,225.92,172.14,107.22,23.27,0,0,0,23.75,102.81,215.1,270.55
Apto_156,525.34,447.12,163.14,93.6,25.01,0,0,0,23.89,107.25,191.34,462.19,526.36,238.52,178.73,106.54,24.63,0,0,0,24.75,98.8,183.65,476.96,236.39,219.22,391.88,107.61,24.67,0,0,0,25.27,101.18,433.5,265.54
Apto_157,231.8,444.69,162.53,100.67,23.22,0,0,0,25.53,96.74,203.42,448.15,246.4,466.27,178.7,101.79,24.86,0,0,0,24.11,94.75,190.51,262.2,228.39,505.18,172.43,106.9,25.13,0,0,0,24.07,105.07,188.8,268.29
Apto_158,480.79,489.62,166.32,97.72,27.41,0,0,0,25.45,101.99,196.75,227.7,460.62,469.03,381.73,109.16,26.77,0,0,0,24.96,90.39,206.85,550.34,504.45,436.48,176.97,108.95,23.13,0,0,0,24.19,92.86,214.32,257.94
Apto_159,248.59,502.27,402.92,104.33,24.69,0,0,0,23.13,99.53,458.62,274.6,267.07,449.34,164.61,106.91,24.23,0,0,0,24.29,101.54,492.97,519.21,240.09,217.31,166.67,98.21,26.1,0,0,0,25.02,101.68,474.16,555.31
Apto_160,225.95,244.49,464.88,99.41,22.64,0,0,0,23.57,91.29,202.97,250.29,268.05,203.07,172.13,102.98,24.25,0,0,0,22.52,108.49,417.8,502.19,479.11,238.97,182.87,96.22,23.0,0,0,0,24.97,90.19,185.6,548.26
Apto_161,243.25,237.62,178.74,102.76,25.64,0,0,0,26.38,107.45,436.92,250.7,247.19,487.74,445.91,101.87,23.32,0,0,0,23.64,93.43,206.7,546.53,244.46,223.31,187.73,96.07,26.82,0,0,0,25.38,95.49,469.45,241.96
Apto_162,257.25,229.91,166.76,99.01,22.56,0,0,0,26.18,101.43,442.32,481.71,252.72,234.92,169.15,102.97,25.69,0,0,0,24.38,108.85,212.72,471.65,500.32,209.94,161.28,108.27,25.13,0,0,0,24.2,96.02,203.13,490.67
Apto_163,454.54,487.13,158.86,95.45,26.86,0,0,0,24.41,101.29,184.58,246.28,260.51,240.0,467.3,104.71,23.56,0,0,0,23.78,99.12,181.2,253.57,250.84,458.62,177.64,107.18,23.64,0,0,0,26.76,105.5,195.71,498.72
Apto_164,515.18,236.33,175.6,104.82,26.42,0,0,0,24.19,99.4,193.23,481.37,535.21,470.77,182.08,107.44,23.94,0,0,0,25.38,105.84,192.97,446.24,537.3,244.95,176.4,96.52,24.88,0,0,0,26.81,107.78,198.71,269.75
Apto_165,273.09,229.55,465.38,100.42,23.84,0,0,0,24.11,99.63,204.69,234.92,250.57,221.0,171.75,100.88,25.22,0,0,0,23.35,92.52,217.31,257.97,270.45,237.11,191.1,107.08,23.36,0,0,0,26.78,90.64,403.03,236.59
Apto_166,496.09,488.47,182.07,104.57,22.5,0,0,0,22.58,108.68,212.39,229.66,273.0,228.18,173.0,99.53,27.16,0,0,0,26.46,101.66,216.36,228.22,226.17,226.66,396.43,101.79,25.16,0,0,0,24.51,107.81,195.36,541.59
Apto_167,247.7,429.08,174.87,96.69,25.98,0,0,0,27.07,99.78,428.78,227.12,237.43,237.19,443.46,92.59,24.77,0,0,0,26.55,90.9,406.46,239.46,251.09,219.65,423.38,90.47,22.9,0,0,0,22.94,106.93,209.29,266.01
Apto_168,236.08,227.2,177.28,108.04,26.88,0,0,0,23.83,99.9,213.86,487.64,496.72,214.42,182.29,101.11,23.0,0,0,0,26.13,94.19,215.39,540.67,496.52,238.94,184.3,104.33,24.43,0,0,0,24.05,99.22,206.96,267.17
Apto_169,227.91,236.36,180.29,92.25,24.24,0,0,0,26.44,106.71,186.51,259.34,266.51,461.75,176.1,105.83,25.41,0,0,0,26.87,91.51,189.87,245.47,469.96,228.51,176.22,108.25,23.83,0,0,0,27.49,94.71,209.08,471.46
Apto_170,518.11,215.73,408.75,94.65,25.17,0,0,0,25.85,105.08,184.42,228.54,238.22,225.79,176.72,98.03,27.25,0,0,0,24.66,106.57,483.03,469.17,461.37,445.13,165.81,99.52,22.72,0,0,0,24.09,98.97,423.94,505.99
Apto_171,268.56,217.88,158.19,99.74,26.57,0,0,0,25.06,97.2,198.6,561.02,265.76,452.71,422.85,106.09,27.0,0,0,0,23.0,97.27,434.9,233.96,248.21,221.75,165.02,104.72,25.28,0,0,0,22.94,102.18,445.98,521.44
Apto_172,503.13,234.91,171.34,102.21,27.2,0,0,0,26.95,91.89,219.56,228.91,243.16,221.33,179.7,90.68,25.47,0,0,0,24.85,96.68,387.64,248.51,230.78,235.5,180.08,92.14,25.02,0,0,0,22.86,103.81,201.36,242.01
Apto_173,269.55,239.61,366.22,97.6,24.19,0,0,0,23.61,95.49,415.3,272.19,234.03,218.5,449.26,97.94,23.81,0,0,0,23.71,97.97,180.77,498.92,263.7,498.43,472.33,92.09,27.41,0,0,0,26.11,93.81,436.65,262.08
Apto_174,241.51,480.3,163.04,92.11,25.82,0,0,0,22.59,98.76,180.87,250.05,231.61,232.75,176.08,94.01,23.94,0,0,0,25.1,101.25,481.97,265.86,441.68,216.24,429.79,105.65,24.78,0,0,0,24.49,101.6,468.66,241.45
Apto_175,226.2,239.39,403.07,97.66,26.68,0,0,0,26.73,98.54,476.43,251.6,535.6,238.5,408.63,97.05,25.27,0,0,0,23.63,99.61,427.14,233.49,263.5,234.63,162.34,106.42,23.52,0,0,0,26.24,99.39,211.32,255.23
Apto_176,225.92,434.5,187.32,95.31,25.94,0,0,0,27.16,96.9,184.26,490.37,237.14,211.38,486.97,108.95,26.92,0,0,0,27.43,93.61,210.64,233.78,264.69,226.69,171.47,97.3,24.46,0,0,0,26.34,91.78,188.45,477.74
Apto_177,477.15,228.29,180.09,108.61,26.42,0,0,0,25.3,105.79,209.55,274.32,230.66,213.83,191.0,101.92,24.8,0,0,0,26.26,103.57,187.94,264.58,251.83,232.26,488.39,92.38,22.57,0,0,0,26.56,107.18,490.69,230.77
Apto_178,267.4,229.1,180.11,91.11,25.37,0,0,0,25.3,96.64,186.2,251.08,265.3,202.73,164.41,93.49,23.93,0,0,0,25.5,91.78,182.33,261.03,246.14,218.95,159.42,107.83,26.52,0,0,0,22.92,106.24,208.76,230.01
Apto_179,258.99,441.67,162.71,108.35,24.46,0,0,0,22.65,96.56,476.97,247.57,434.08,509.02,178.67,100.64,22.96,0,0,0,26.97,106.46,384.43,487.45,258.86,236.21,425.52,95.79,23.77,0,0,0,24.7,100.25,206.91,472.51
Apto_180,262.09,491.32,177.47,101.0,24.96,0,0,0,26.25,92.72,182.67,517.17,234.31,239.86,179.7,102.07,24.06,0,0,0,24.12,95.87,181.34,247.52,248.56,208.11,188.91,97.95,23.59,0,0,0,25.54,99.53,479.01,263.15
Apto_181,269.3,244.25,375.81,94.8,23.0,0,0,0,27.05,90.16,500.67,269.64,557.1,242.0,180.57,107.87,23.96,0,0,0,23.2,94.5,202.33,456.06,262.86,238.95,189.13,100.5,24.89,0,0,0,24.08,95.16,181.51,501.88
Apto_182,259.06,225.16,190.27,102.71,24.02,0,0,0,24.71,91.14,219.14,252.85,511.08,234.73,406.13,93.23,24.36,0,0,0,25.45,104.42,486.86,255.88,241.89,463.71,394.97,90.71,26.02,0,0,0,23.01,102.25,183.77,515.09
Apto_183,543.04,224.69,178.53,109.87,23.66,0,0,0,22.57,92.38,205.96,499.6,271.23,230.62,184.94,107.16,24.46,0,0,0,22.77,105.91,419.86,270.07,252.68,223.84,431.39,96.89,24.99,0,0,0,25.07,94.85,463.64,246.37
Apto_184,261.38,223.67,170.66,99.9,26.75,0,0,0,25.65,96.02,180.74,236.35,260.87,463.69,163.52,96.43,23.3,0,0,0,22.64,102.59,219.04,230.93,270.32,230.51,444.36,104.5,27.33,0,0,0,26.03,105.81,439.01,241.53
Apto_185,248.69,228.63,169.14,95.49,25.23,0,0,0,23.83,109.34,186.4,544.11,477.93,503.37,175.05,91.68,25.91,0,0,0,26.62,90.84,198.84,240.51,244.21,538.79,174.31,106.6,24.3,0,0,0,27.13,106.58,427.15,229.93
Apto_186,232.18,202.82,181.2,109.57,26.87,0,0,0,27.06,106.41,185.12,237.93,561.23,216.43,167.34,91.07,26.05,0,0,0,26.03,93.82,497.68,450.66,494.84,241.76,447.2,93.33,26.43,0,0,0,26.79,92.53,473.11,270.25
Apto_187,249.4,225.94,177.74,92.14,26.61,0,0,0,24.38,92.01,205.35,269.39,506.41,239.33,178.55,97.3,27.02,0,0,0,24.97,93.57,200.52,263.84,546.61,455.75,191.65,107.86,26.93,0,0,0,22.76,104.91,200.21,250.13
Apto_188,449.47,211.3,421.92,102.2,23.27,0,0,0,23.94,108.76,213.03,229.11,497.79,229.55,184.83,96.47,26.69,0,0,0,22.91,102.84,198.88,493.23,247.8,233.72,187.35,95.33,26.08,0,0,0,27.47,104.58,218.1,270.15
Apto_189,484.99,203.41,175.18,109.48,27.06,0,0,0,24.3,105.97,200.96,267.65,231.61,427.1,174.55,95.03,25.97,0,0,0,26.74,90.2,217.48,441.99,497.99,209.99,381.66,90.75,22.63,0,0,0,24.66,99.06,200.52,494.28
Apto_190,241.35,231.61,179.21,104.8,26.03,0,0,0,24.66,98.26,210.57,228.55,226.54,236.65,159.39,98.56,24.15,0,0,0,23.02,102.25,209.52,270.27,272.65,459.38,171.57,101.67,26.25,0,0,0,24.05,109.43,184.71,434.21
Apto_191,260.26,222.03,178.16,106.91,23.98,0,0,0,27.38,108.04,185.09,245.49,248.61,226.34,160.13,106.05,23.2,0,0,0,23.77,107.19,208.01,502.87,500.82,243.51,164.77,107.42,26.24,0,0,0,23.2,96.97,195.58,271.45
Apto_192,467.49,215.58,189.1,103.07,26.69,0,0,0,25.28,104.85,188.8,243.2,247.2,493.47,188.8,108.9,23.57,0,0,0,27.46,103.59,217.47,267.22,244.12,221.95,173.11,99.41,22.74,0,0,0,23.2,90.07,189.81,229.96
Apto_193,453.9,203.13,188.13,93.76,23.93,0,0,0,26.16,98.79,191.91,228.56,237.17,205.58,164.26,106.19,27.34,0,0,0,23.42,98.86,186.63,229.81,256.32,487.8,167.55,105.24,27.36,0,0,0,22.56,94.85,458.05,269.39
Apto_194,244.73,486.41,170.25,105.13,25.55,0,0,0,24.93,94.5,465.52,236.45,247.58,241.97,415.93,102.12,25.29,0,0,0,23.41,105.01,193.56,227.39,539.78,230.89,169.87,101.95,24.86,0,0,0,23.57,90.12,192.04,560.61
Apto_195,250.12,234.3,361.36,104.32,24.22,0,0,0,23.15,93.47,193.64,242.44,229.85,534.41,421.15,97.45,26.38,0,0,0,23.09,106.66,208.22,269.49,235.08,520.2,162.0,100.12,22.63,0,0,0,23.64,92.43,445.2,273.32
Apto_196,269.5,223.89,174.0,95.83,23.14,0,0,0,27.19,91.07,200.04,256.29,239.03,515.8,178.71,96.79,23.04,0,0,0,22.69,105.07,201.0,228.29,545.28,216.18,469.75,97.49,22.9,0,0,0,25.97,91.11,191.38,228.99
Apto_197,229.59,218.74,384.44,92.56,24.06,0,0,0,25.78,102.18,196.47,245.73,501.63,211.61,398.21,99.9,25.55,0,0,0,24.12,90.51,493.45,246.01,268.65,496.73,463.1,93.96,22.63,0,0,0,24.06,96.4,193.58,227.91
Apto_198,236.13,210.22,452.81,107.18,24.52,0,0,0,24.08,100.47,199.41,484.52,253.85,211.26,457.47,104.8,24.74,0,0,0,25.35,103.85,203.69,464.23,513.89,233.03,179.01,99.61,26.85,0,0,0,23.79,101.28,460.45,535.6
Apto_199,257.07,232.92,175.44,109.21,23.77,0,0,0,27.16,97.96,218.12,227.1,249.22,474.91,413.88,90.05,24.58,0,0,0,25.54,95.09,216.97,253.72,271.22,219.08,158.91,98.13,23.33,0,0,0,26.51,109.76,193.85,543.62
Apto_200,548.87,448.2,159.22,100.19,25.16,0,0,0,22.73,96.0,201.24,520.61,274.81,219.67,182.65,108.1,25.3,0,0,0,26.47,90.8,193.29,240.73,266.31,534.52,184.33,104.68,23.02,0,0,0,25.78,102.83,431.74,253.48
